id,time_taken,moves,backtracks,runtime
0,0.0006563663482666016,781,0,0.0
1,0.0004458427429199219,276,0,0.0
2,0.0016562938690185547,910,0,0.0
3,0.0004291534423828125,506,0,0.0
4,0.0013875961303710938,1414,0,0.0
5,0.00032138824462890625,382,0,0.0
